<?xml version="1.0" encoding="utf-8"?>
<html xmlns="http://www.w3.org/1999/xhtml" xml:lang="en">
<head>
<meta name="generator" content=
"HTML Tidy for FreeBSD (vers 25 March 2009), see www.w3.org" />
<title>About</title>
<link rel="stylesheet" href="css/about.css" type="text/css" />
<meta http-equiv="Content-Type" content=
"application/xhtml+xml; charset=utf-8" />
</head>
<body>
<div class="body">
<div class="aboutauthor"><strong>About Verne:</strong><br />
<p>Jules Gabriel Verne (February 8, 1828–March 24, 1905) was a
French author who pioneered the science-fiction genre. He is best
known for novels such as Journey To The Center Of The Earth (1864),
Twenty Thousand Leagues Under The Sea (1870), and Around the World
in Eighty Days (1873). Verne wrote about space, air, and underwater
travel before air travel and practical submarines were invented,
and before practical means of space travel had been devised. He is
the third most translated author in the world, according to Index
Translationum. Some of his books have been made into films. Verne,
along with Hugo Gernsback and H. G. Wells, is often popularly
referred to as the "Father of Science Fiction". Source:
Wikipedia</p>
</div>
<div class="also"><strong>Also available on Feedbooks for
Verne:</strong>
<ul>
<li><i><a rel="http://opds-spec.org/acquisition" href=
"http://www.feedbooks.com/book/182.epub">20,000 Leagues Under the
Sea</a></i> (1870)</li>
<li><i><a rel="http://opds-spec.org/acquisition" href=
"http://www.feedbooks.com/book/199.epub">Around the World in Eighty
Days</a></i> (1872)</li>
<li><i><a rel="http://opds-spec.org/acquisition" href=
"http://www.feedbooks.com/book/3796.epub">A Journey into the
Interior of the Earth</a></i> (1877)</li>
<li><i><a rel="http://opds-spec.org/acquisition" href=
"http://www.feedbooks.com/book/2448.epub">The Mysterious
Island</a></i> (1874)</li>
<li><i><a rel="http://opds-spec.org/acquisition" href=
"http://www.feedbooks.com/book/476.epub">From the Earth to the
Moon</a></i> (1865)</li>
<li><i><a rel="http://opds-spec.org/acquisition" href=
"http://www.feedbooks.com/book/2452.epub">The Master of the
World</a></i> (1904)</li>
<li><i><a rel="http://opds-spec.org/acquisition" href=
"http://www.feedbooks.com/book/2440.epub">Off on a Comet</a></i>
(1911)</li>
<li><i><a rel="http://opds-spec.org/acquisition" href=
"http://www.feedbooks.com/book/3947.epub">An Antartic
Mystery</a></i> (1899)</li>
<li><i><a rel="http://opds-spec.org/acquisition" href=
"http://www.feedbooks.com/book/478.epub">Michael Strogoff, or The
Courier of the Czar</a></i> (1874)</li>
<li><i><a rel="http://opds-spec.org/acquisition" href=
"http://www.feedbooks.com/book/2451.epub">Robur the
Conqueror</a></i> (1886)</li>
</ul>
</div>
<div class="also"><strong>Note:</strong> This book is brought to
you by Feedbooks.<br />
<a href=
"http://www.feedbooks.com">http://www.feedbooks.com</a><br />
Strictly for personal use, do not use this file for commercial
purposes.</div>
</div>
</body>
</html>
