<?xml version="1.0" encoding="utf-8"?>
<html xmlns="http://www.w3.org/1999/xhtml" xml:lang="en">
<head>
<meta name="generator" content=
"HTML Tidy for FreeBSD (vers 25 March 2009), see www.w3.org" />
<title>Recommendations</title>
<link rel="stylesheet" href="css/main.css" type="text/css" />
<meta http-equiv="Content-Type" content=
"application/xhtml+xml; charset=utf-8" />
</head>
<body>
<div class="body">
<h3 style="text-align: center;">Loved this book ?<br />
Similar users also downloaded</h3>
<p><a rel="http://opds-spec.org/acquisition" href=
"http://www.feedbooks.com/book/476.epub">From the Earth to the
Moon</a>, <em>Jules Verne</em></p>
<p>One of the earliest science fantasy stories ever written, From
the Earth to the Moon follows three wealthy members of a post-Civil
War gun club who design and build an enormous columbiad -- and ride
a spaceship fired from it all the way to the moon!</p>
<p>&#160;</p>
<p><a rel="http://opds-spec.org/acquisition" href=
"http://www.feedbooks.com/book/199.epub">Around the World in Eighty
Days</a>, <em>Jules Verne</em></p>
<p>Shocking his stodgy colleagues at the exclusive Reform Club,
enigmatic Englishman Phileas Fogg wagers his fortune, undertaking
an extraordinary and daring enterprise: to circumnavigate the globe
in eighty days. With his French valet Passepartout in tow, Verne’s
hero traverses the far reaches of the earth, all the while tracked
by the intrepid Detective Fix, a bounty hunter certain he is on the
trail of a notorious bank robber.</p>
<p>&#160;</p>
<p><a rel="http://opds-spec.org/acquisition" href=
"http://www.feedbooks.com/book/182.epub">20,000 Leagues Under the
Sea</a>, <em>Jules Verne</em></p>
<p>Twenty Thousand Leagues Under the Sea (French: Vingt mille
lieues sous les mers) is a classic science fiction novel by French
writer Jules Verne, published in 1870. It is about the fictional
Captain Nemo and his submarine, Nautilus, as seen by one of his
passengers, Professor Pierre Aronnax.</p>
<p>&#160;</p>
<p><a rel="http://opds-spec.org/acquisition" href=
"http://www.feedbooks.com/book/2448.epub">The Mysterious
Island</a>, <em>Jules Verne</em></p>
<p>The book tells the adventures of five American prisoners of war
on an uncharted island in the South Pacific. Begining in the
American Civil War, as famine and death ravage the city of
Richmond, Virginia, five northern POWs decide to escape in a rather
unusual way – by hijacking a balloon! This is only the beginning of
their adventures...</p>
<p>&#160;</p>
<p><a rel="http://opds-spec.org/acquisition" href=
"http://www.feedbooks.com/book/34.epub">The Invisible Man</a>,
<em>H. G. Wells</em></p>
<p>The Invisible Man is an 1897 science fiction novella by H.G.
Wells. Wells' novel was originally serialised in Pearson's Magazine
in 1897, and published as a novel the same year. The Invisible Man
of the title is Griffin, a scientist who theorises that if a
person's refractive index is changed to exactly that of air and his
body does not absorb or reflect light, then he will be invisible.
He successfully carries out this procedure on himself, but cannot
become visible again, becoming mentally unstable as a result.</p>
<p>&#160;</p>
<p><a rel="http://opds-spec.org/acquisition" href=
"http://www.feedbooks.com/book/2452.epub">The Master of the
World</a>, <em>Jules Verne</em></p>
<p>Evil master criminal sets out for world domination from the
French pioneer of Science Fiction.</p>
<p>&#160;</p>
<p><a rel="http://opds-spec.org/acquisition" href=
"http://www.feedbooks.com/book/32.epub">The Time Machine</a>,
<em>H. G. Wells</em></p>
<p>The book's protagonist is an amateur inventor or scientist
living in London who is never named; he is identified simply as The
Time Traveller. Having demonstrated to friends using a miniature
model that time is a fourth dimension, and that a suitable
apparatus can move back and forth in this fourth dimension, he
builds a full-scale model capable of carrying himself. He sets off
on a journey into the future.</p>
<p>&#160;</p>
<p><a rel="http://opds-spec.org/acquisition" href=
"http://www.feedbooks.com/book/2440.epub">Off on a Comet</a>,
<em>Jules Verne</em></p>
<p>The story starts with a comet that touches the Earth in its
flight and collects a few small chunks of it. Some forty people of
various nations and ages are condemned to a two-year-long journey
on the comet.</p>
<p>&#160;</p>
<p><a rel="http://opds-spec.org/acquisition" href=
"http://www.feedbooks.com/book/3796.epub">A Journey into the
Interior of the Earth</a>, <em>Jules Verne</em></p>
<p>Journey to the Center of the Earth is a classic 1864 science
fiction novel by Jules Verne (published in the original French as
Voyage au centre de la Terre). The story involves a professor who
leads his nephew and hired guide down a volcano in Iceland to the
"center of the Earth". They encounter many adventures, including
prehistoric animals and natural hazards, eventually coming to the
surface again in southern Italy.</p>
<p>&#160;</p>
<p><a rel="http://opds-spec.org/acquisition" href=
"http://www.feedbooks.com/book/33.epub">The Island of Dr.
Moreau</a>, <em>H. G. Wells</em></p>
<p>Edward Prendick is shipwrecked in the Pacific. Rescued by Doctor
Moreau's assistant he is taken to the doctor's island home where he
discovers the doctor has been experimenting on the animal
inhabitants of the island, creating bizarre proto-humans...</p>
<p>&#160;</p>
</div>
</body>
</html>
