<?xml version="1.0" encoding="utf-8"?>
<html xmlns="http://www.w3.org/1999/xhtml" xml:lang="en">
<head>
<meta name="generator" content=
"HTML Tidy for FreeBSD (vers 25 March 2009), see www.w3.org" />
<title>Title Page</title>
<link rel="stylesheet" href="css/title.css" type="text/css" />
<meta http-equiv="Content-Type" content=
"application/xhtml+xml; charset=utf-8" />
</head>
<body>
<div class="body">
<h1>In the Year 2889</h1>
<h3>Jules Verne</h3>
</div>
<b>Published:</b> 1889<br />
<b>Type(s):</b> Short Fiction, Science Fiction<br />
<b>Source:</b> http://www.gutenberg.org
</body>
</html>
